0.06277495622634888	0.0	0.40853023529052734	0.028520284220576286	0.0	0.11947481334209442	0.0	0.0	0.14901325106620789	0.16537372767925262	0.13070575892925262	0.0	0.0	0.0	0.38947001099586487	0.0	0.0507337749004364	0.11317611485719681	0.0	0.09956221282482147	0.0	0.3588578701019287	0.0	0.0	0.0	0.0	0.1280977874994278	0.07545754313468933	0.12621551752090454	0.0	0.08135996013879776	0.10004109889268875	0.1511949747800827	0.1920633763074875	0.0	0.1639566868543625	0.06717270612716675	0.0	0.0	0.0	0.0	0.008501141332089901	0.0	0.0	0.0	0.007389718666672707	0.0	0.0	0.0	0.12976424396038055	0.0	0.0	0.0	0.10117555409669876	0.0	0.2627304196357727	0.0	0.0	0.0	0.0	0.09306997805833817	0.0	0.0	0.05563831701874733	0.05032643675804138	0.255260705947876	0.1314324289560318	0.14847630262374878	0.09534694999456406	0.10739301145076752	0.13994544744491577	0.0	0.402394562959671	0.0	0.36472848057746887	0.06089327484369278	0.0	0.16155609488487244	0.0	0.21921780705451965	0.1475473940372467	0.14252156019210815	0.00276134442538023	0.23034816980361938	0.1945011168718338	0.0	0.0	0.0	0.0	0.0	0.0	0.0	0.027420733124017715	0.0	0.0	0.07672237604856491	0.20556889474391937	0.10231059044599533	0.0	0.0
0.0	0.0027523180469870567	0.0	0.0	0.08685927838087082	0.0	0.045174770057201385	0.0	0.0	0.07105913013219833	0.16334770619869232	0.1459997147321701	0.0	0.08393783867359161	0.1457587033510208	0.0	0.0	0.0	0.0	0.0	0.0	0.025072278454899788	0.0	0.0	0.0	0.0	0.06753633916378021	0.03293585032224655	0.0	0.16510622203350067	0.0	0.050929002463817596	0.10166629403829575	0.023423384875059128	0.0	0.21773949265480042	0.19159576296806335	0.0	0.054491035640239716	0.0	0.0	0.02276342734694481	0.0	0.013018390163779259	0.20531459152698517	0.038573361933231354	0.3500133454799652	0.05418004095554352	0.0	0.045600537210702896	0.0	0.0	0.0	0.0	0.0	0.1467568576335907	0.029351230710744858	0.0	0.0	0.0	0.0	0.09881332516670227	0.031259454786777496	0.10226710140705109	0.2815973460674286	0.0	0.0	0.13235637545585632	0.0	0.0	0.2521773874759674	0.1034754291176796	0.0	0.09486447274684906	0.03205275163054466	0.0	0.1572701781988144	0.00641179084777832	0.0	0.0	0.2619788944721222	0.0	0.26299190521240234	0.19742125272750854	0.0	0.3129107356071472	0.0	0.0	0.0	0.20123566687107086	0.0	0.0	0.06259523332118988	0.16136467456817627	0.04577835649251938	0.0	0.0	0.0	0.13440465927124023	0.08487304300069809
0.030891500413417816	0.202046200633049	0.09354262053966522	0.1901058405637741	0.05489630252122879	0.2692564129829407	0.0	0.06557781249284744	0.0	0.1999979168176651	0.1824135035276413	0.21538937091827393	0.0	0.0	0.13976460695266724	0.06578056514263153	0.0	0.17913852632045746	0.0	0.0	0.0	0.0	0.06578958034515381	0.1368599832057953	0.0	0.05727129057049751	0.09141422808170319	0.13996104896068573	0.0	0.0415036641061306	0.0	0.17641739547252655	0.00684182858094573	0.1254919171333313	0.09191026538610458	0.18249478936195374	0.08820001780986786	0.0	0.0	0.2271045297384262	0.0	0.0	0.0	0.21689997613430023	0.0	0.04582618176937103	0.0	0.0	0.04193995147943497	0.060156796127557755	0.06056679040193558	0.0	0.0	0.0	0.03575253486633301	0.22530660033226013	0.0	0.0	0.0	0.010166694410145283	0.100608229637146	0.0	0.1050916463136673	0.18399915099143982	0.21206475794315338	0.41859620809555054	0.0	0.08437404781579971	0.026798782870173454	0.0	0.17640674114227295	0.0	0.0	0.0005176765844225883	0.0	0.0	0.14068983495235443	0.056080665439367294	0.0	0.07031136006116867	0.0	0.10111415386199951	0.13355016708374023	0.08462348580360413	0.08328817039728165	0.006608776748180389	0.0	0.0	0.0	0.0	0.0	0.0	0.0	0.2808476388454437	0.0	0.0	0.0	0.0997994914650917	0.0	0.0
0.32229965925216675	0.1361261010169983	0.3057914674282074	0.21414244174957275	0.0	0.0	0.0	0.0	0.31552648544311523	0.1821090579032898	0.0	0.0	0.0	0.02860974334180355	0.41956964135169983	0.0	0.0653981864452362	0.3233586251735687	0.03691207617521286	0.0	0.0	0.4475681483745575	0.0	0.0	0.0	0.0	0.0	0.21580642461776733	0.0	0.0	0.0	0.17153432965278625	0.05558573827147484	0.1954462081193924	0.0	0.0	0.0	0.0	0.0	0.1176605373620987	0.018463220447301865	0.0	0.0	0.0	0.0	0.0	0.09491787105798721	0.12624916434288025	0.14491567015647888	0.0486256442964077	0.026152828708291054	0.0	0.0	0.0	0.0	0.17689990997314453	0.0	0.0	0.021465856581926346	0.0	0.07333271205425262	0.0	0.0	0.0	0.0	0.29634523391723633	0.1655464917421341	0.0	0.08643791824579239	0.0	0.09415679425001144	0.0980730876326561	0.12330200523138046	0.04723129794001579	0.1093706488609314	0.0	0.0	0.014298669993877411	0.0	0.08196267485618591	0.0	0.0	0.039035554975271225	0.0016770027577877045	0.36931154131889343	0.0	0.0	0.0	0.011370902881026268	0.0	0.0	0.0	0.0	0.0	0.0	0.035372015088796616	0.0	0.028584688901901245	0.0	0.09627936780452728
0.009522326290607452	0.13913144171237946	0.05446752905845642	0.0	0.06881086528301239	0.008009791374206543	0.0	0.0	0.0	0.0	0.0	0.0	0.09631001949310303	0.09956333041191101	0.2362484186887741	0.0966842994093895	0.0005115680396556854	0.07533441483974457	0.0	0.0	0.0	0.024427808821201324	0.0	0.0	0.12440071254968643	0.0716475248336792	0.158480703830719	0.21547965705394745	0.0	0.11340582370758057	0.05521998554468155	0.20437197387218475	0.0968356728553772	0.0188852921128273	0.0	0.0	0.09920419752597809	0.0	0.0	0.0	0.0	0.058897897601127625	0.0	0.0	0.0	0.0	0.11023431271314621	0.1649838089942932	0.024802038446068764	0.10458694398403168	0.0	0.0	0.10136930644512177	0.0	0.04078717529773712	0.017864249646663666	0.0	0.0	0.09647500514984131	0.0	0.09854260832071304	0.0	0.17131641507148743	0.05307690054178238	0.0	0.0	0.019853461533784866	0.0	0.024038240313529968	0.03246331959962845	0.0	0.15813249349594116	0.008507821708917618	0.021016564220190048	0.0	0.0	0.18380047380924225	0.13438312709331512	0.0	0.0	0.0	0.010903862304985523	0.0	0.1461840122938156	0.014610284939408302	0.01363314874470234	0.0	0.0	0.0	0.04811245948076248	0.0	0.0	0.04758651554584503	0.0	0.0	0.019291454926133156	0.16880694031715393	0.054972000420093536	0.0	0.0
0.0	0.01478488091379404	0.0	0.0	0.05981536954641342	0.0	0.0	0.0	0.08262663334608078	0.049288272857666016	0.0	0.03721342235803604	0.0	0.22881022095680237	0.26004546880722046	0.0	0.14549702405929565	0.0	0.0	0.07614652812480927	0.0	0.16393911838531494	0.0	0.0	0.1202397421002388	0.167856365442276	0.10735266655683517	0.08508221805095673	0.0478825643658638	0.0	0.0	0.23597311973571777	0.23897399008274078	0.15179197490215302	0.0	0.018551189452409744	0.15717673301696777	0.05977281555533409	0.09136693179607391	0.0	0.0	0.0	0.0	0.0	0.09160210937261581	0.0	0.0	0.0942826196551323	0.21948418021202087	0.0	0.0	0.0	0.0	0.15334811806678772	0.0	0.1107308641076088	0.0	0.0	0.0	0.0	0.15715938806533813	0.0	0.04543955996632576	0.057391487061977386	0.0	0.15115830302238464	0.23782192170619965	0.0	0.0642867311835289	0.044055819511413574	0.2055518925189972	0.18130815029144287	0.21731197834014893	0.0	0.21317805349826813	0.023273373022675514	0.14127568900585175	0.2892591059207916	0.0	0.0	0.0	0.01597847416996956	0.03690338507294655	0.13763870298862457	0.25037693977355957	0.23684895038604736	0.0	0.0	0.0	0.0	0.0	0.0	0.08803389966487885	0.0	0.0	0.034402210265398026	0.04219178855419159	0.0536029115319252	0.0	0.0
0.37957561016082764	0.021487247198820114	0.05938784033060074	0.0	0.0	0.0	0.0	0.0	0.057704709470272064	0.19786164164543152	0.059431012719869614	0.18687130510807037	0.021792549639940262	0.0	0.11071603000164032	0.03140925616025925	0.1803237646818161	0.11284340173006058	0.0	0.0	0.0	0.22854311764240265	0.0	0.08985552191734314	0.06366552412509918	0.28998318314552307	0.09546689689159393	0.0	0.0	0.0	0.0	0.21710219979286194	0.21520163118839264	0.0	0.0	0.0	0.0	0.0	0.0	0.03579255938529968	0.0	0.08699403703212738	0.0	0.0	0.13658146560192108	0.03924906998872757	0.0	0.0	0.16507649421691895	0.09110990166664124	0.17111599445343018	0.007831414230167866	0.0	0.01993122324347496	0.0	0.14547334611415863	0.0	0.0	0.0	0.0	0.1462995409965515	0.19183632731437683	0.0	0.05049588531255722	0.11375715583562851	0.13007676601409912	0.1531715840101242	0.0	0.0695088654756546	0.006848648190498352	0.17930659651756287	0.18120220303535461	0.17028462886810303	0.06482315063476562	0.10654748976230621	0.0	0.0	0.23319488763809204	0.0	0.13891172409057617	0.08504998683929443	0.017488613724708557	0.0	0.4014182984828949	0.1691742092370987	0.03924407437443733	0.0	0.0	0.04532249644398689	0.0	0.0	0.0	0.10922176390886307	0.25511476397514343	0.0	0.011354545131325722	0.0	0.0	0.0	0.11255466938018799
0.0	0.11233721673488617	0.0	0.0	0.10287455469369888	0.0	0.0	0.0	0.06092170625925064	0.0504269115626812	0.0	0.034535810351371765	0.0	0.2629173696041107	0.2942006289958954	0.0	0.17175865173339844	0.0	0.10576047748327255	0.10188710689544678	0.0	0.03683025389909744	0.0	0.0	0.060483671724796295	0.03370201960206032	0.20376522839069366	0.0	0.02725742943584919	0.0	0.0	0.15877306461334229	0.32977697253227234	0.045557767152786255	0.0	0.0	0.15945838391780853	0.0	0.20654182136058807	0.0	0.0	0.0	0.0	0.0	0.06873078644275665	0.0	0.0	0.15771141648292542	0.21851328015327454	0.0	0.0	0.0	0.0	0.0	0.0	0.3026457130908966	0.0	0.025379102677106857	0.05619604140520096	0.0	0.2571803033351898	0.0	0.0	0.03228450566530228	0.0	0.08895952254533768	0.07045839726924896	0.0	0.050398778170347214	0.024305956438183784	0.278687059879303	0.14084509015083313	0.11654190719127655	0.0	0.17083434760570526	0.05588598549365997	0.15886355936527252	0.2988775372505188	0.0	0.0	0.0	0.0	0.0	0.16944776475429535	0.28196921944618225	0.22730961441993713	0.0	0.0	0.0	0.04753782972693443	0.0	0.0	0.03685475140810013	0.04458954557776451	0.0	0.08265476673841476	0.08126641064882278	0.0	0.0	0.0
0.028033820912241936	0.0	0.03598755598068237	0.0	0.45817989110946655	0.3333229124546051	0.0	0.0	0.0	0.2913186848163605	0.2631986439228058	0.18909479677677155	0.0	0.31317657232284546	0.4409392476081848	0.0	0.0	0.4621035158634186	0.0	0.0	0.0	0.01212356612086296	0.0	0.0	0.0	0.0	0.0	0.22272926568984985	0.4167276620864868	0.15631338953971863	0.0	0.09933115541934967	0.0	0.0	0.041712306439876556	0.19142580032348633	0.2865139842033386	0.0	0.0	0.0	0.08099447190761566	0.08207304775714874	0.0	0.0	0.0	0.22278569638729095	0.5801802277565002	0.0	0.04176930710673332	0.45726898312568665	0.0	0.0	0.0	0.0	0.0	0.22949758172035217	0.0	0.17767857015132904	0.024529725313186646	0.0	0.0	0.2415992021560669	0.0	0.0	0.49950337409973145	0.1474485695362091	0.0	0.0	0.2698228657245636	0.0	0.1952289640903473	0.08496347069740295	0.0	0.08220942318439484	0.0	0.0	0.07352669537067413	0.0	0.0	0.12036994844675064	0.17559833824634552	0.0	0.3460371792316437	0.49023526906967163	0.0	0.1756143718957901	0.0	0.0	0.0	0.15126238763332367	0.0	0.04062293469905853	0.0	0.0	0.0	0.0	0.0	0.0	0.0	0.0
0.11980298161506653	0.0	0.10347902029752731	0.0	0.2818218469619751	0.0	0.019631294533610344	0.016044331714510918	0.0	0.3819037973880768	0.0	0.4159824252128601	0.0	0.0	0.0	0.0	0.0	0.006058012135326862	0.0	0.0	0.0	0.0	0.0	0.35486355423927307	0.06683910638093948	0.0	0.0	0.0794990062713623	0.10182415693998337	0.18921755254268646	0.0	0.0	0.0	0.0	0.0	0.22264911234378815	0.006350632756948471	0.0	0.0	0.0	0.0	0.0	0.0	0.11817294359207153	0.18538953363895416	0.0	0.39210209250450134	0.0	0.1367778331041336	0.0005380921065807343	0.0	0.0	0.0	0.0	0.0	0.20157171785831451	0.0	0.2266872525215149	0.0	0.0	0.0	0.019379734992980957	0.220664843916893	0.0	0.1408742070198059	0.20061105489730835	0.0	0.0	0.14864252507686615	0.0	0.34642282128334045	0.0	0.0	0.2233390510082245	0.11345265805721283	0.24486157298088074	0.07610633224248886	0.0	0.0	0.18115511536598206	0.0	0.029558680951595306	0.10541537404060364	0.1990632712841034	0.0	0.12563057243824005	0.0	0.2168731838464737	0.0	0.160831481218338	0.0	0.0	0.051462892442941666	0.380287230014801	0.015137933194637299	0.0	0.0	0.10105522722005844	0.11267391592264175	0.0
0.004328489303588867	0.2807806730270386	0.06199050694704056	0.04935050755739212	0.0	0.022076163440942764	0.0	0.08588378876447678	0.25784534215927124	0.0	0.16685378551483154	0.051910437643527985	0.0	0.09339280426502228	0.25645968317985535	0.06510822474956512	0.03860452398657799	0.10002755373716354	0.0	0.0	0.0	0.07549168914556503	0.0	0.01710163615643978	0.08589545637369156	0.0	0.16751863062381744	0.08101171255111694	0.24424684047698975	0.0690527930855751	0.0	0.08284244686365128	0.02739092707633972	0.20300596952438354	0.0	0.0	0.24145448207855225	0.033114586025476456	0.018703820183873177	0.13060423731803894	0.2308005541563034	0.0	0.0	0.0	0.0	0.04088294133543968	0.13688378036022186	0.01793496683239937	0.0	0.1943052113056183	0.0	0.08260158449411392	0.0	0.0	0.13297858834266663	0.09538949280977249	0.0	0.0	0.0	0.0	0.0	0.06665601581335068	0.0	0.11928238719701767	0.07657290995121002	0.06280659139156342	0.12357233464717865	0.0	0.0	0.0	0.13000188767910004	0.19222348928451538	0.23374363780021667	0.2719533443450928	0.3965688645839691	0.0	0.04031900316476822	0.02618507668375969	0.0	0.19744093716144562	0.0	0.09397930651903152	0.0	0.0049159228801727295	0.09581504017114639	0.20576436817646027	0.0	0.0	0.0	0.0	0.11694430559873581	0.0	0.03136475011706352	0.0	0.0	0.1439613699913025	0.1073659285902977	0.12384446710348129	0.0	0.0
0.0	0.235695943236351	0.38172656297683716	0.0	0.09974793344736099	0.0	0.0	0.05472475290298462	0.07569578289985657	0.1367960125207901	0.00698907021433115	0.08590647578239441	0.0	0.054088372737169266	0.03463350608944893	0.0	0.0	0.034588150680065155	0.0	0.0	0.0	0.1729639321565628	0.0	0.0	0.10512866824865341	0.061018433421850204	0.07308383285999298	0.11377888917922974	0.43382421135902405	0.0	0.0	0.2691181004047394	0.0	0.0	0.0	0.0	0.0	0.0	0.02619011141359806	0.0	0.0	0.0	0.0	0.0	0.0	0.03152992203831673	0.024809379130601883	0.09276153147220612	0.3325073719024658	0.06791858375072479	0.0	0.0	0.0	0.10469765216112137	0.02509118989109993	0.05844730883836746	0.0	0.0	0.0	0.0	0.24376019835472107	0.0	0.16297172009944916	0.032312825322151184	0.19648119807243347	0.47818100452423096	0.15631507337093353	0.0	0.0	0.06834732741117477	0.3242565393447876	0.12034175544977188	0.12019668519496918	0.006419542245566845	0.2498900145292282	0.18168891966342926	0.007643967866897583	0.3393469750881195	0.0	0.0	0.0647415965795517	0.2709459960460663	0.0	0.23402942717075348	0.0	0.0	0.0	0.0	0.0	0.0	0.0	0.24389192461967468	0.08246920257806778	0.0	0.0	0.0	0.02683786116540432	0.023450162261724472	0.0	0.0
0.0	0.38933560252189636	0.3341175317764282	0.0	0.0	0.05242767930030823	0.0	0.0	0.2556436061859131	0.0	0.21942812204360962	0.1283019781112671	0.0	0.034008655697107315	0.36144644021987915	0.0	0.12270034849643707	0.18418027460575104	0.0	0.0	0.0	0.1696143001317978	0.0	0.0	0.015175036154687405	0.04751411825418472	0.20569398999214172	0.2105209082365036	0.5265903472900391	0.0	0.0	0.34965240955352783	0.14421766996383667	0.0	0.0	0.0	0.06088857352733612	0.0	0.0	0.0	0.28645092248916626	0.15410517156124115	0.0	0.0	0.0	0.19600366055965424	0.08818081021308899	0.12586116790771484	0.17517772316932678	0.01713525503873825	0.0	0.0	0.0	0.09560345858335495	0.0	0.1343390941619873	0.0	0.0	0.0	0.0	0.02696707844734192	0.0	0.0	0.050371065735816956	0.2998175621032715	0.0992506891489029	0.04473009705543518	0.0	0.06687662750482559	0.0	0.3674525022506714	0.32843852043151855	0.12046506255865097	0.04070831090211868	0.24755080044269562	0.0	0.0	0.04912063479423523	0.0	0.0	0.12721510231494904	0.0	0.1660635769367218	0.5267882943153381	0.15851137042045593	0.1833840161561966	0.0	0.0	0.14955765008926392	0.010935946367681026	0.11476742476224899	0.09951889514923096	0.1755523383617401	0.0	0.0	0.0	0.0	0.09816829115152359	0.0	0.0
0.0	0.25395941734313965	0.316493421792984	0.0	0.0	0.06417499482631683	0.0	0.0	0.16584424674510956	0.18620531260967255	0.10090245306491852	0.0	0.0	0.0827375054359436	0.5263641476631165	0.0	0.017842765897512436	0.36907270550727844	0.0	0.0	0.0	0.18293431401252747	0.0	0.12487277388572693	0.04230862110853195	0.06615779548883438	0.10654957592487335	0.25239789485931396	0.46461692452430725	0.06618186086416245	0.0	0.25947123765945435	0.0	0.0	0.0	0.3756566345691681	0.29110172390937805	0.0	0.0	0.0	0.18510040640830994	0.0	0.0	0.0	0.0	0.16877682507038116	0.06393244862556458	0.0	0.0	0.0	0.0	0.0	0.0	0.0	0.4912542402744293	0.0	0.0	0.06640481948852539	0.0	0.12304563075304031	0.0	0.025060413405299187	0.06578850001096725	0.10515028983354568	0.5752080678939819	0.18626050651073456	0.12145625054836273	0.0	0.029439136385917664	0.0	0.4504820704460144	0.3078695237636566	0.0	0.2980276942253113	0.0	0.0	0.07276727259159088	0.06252844631671906	0.0	0.0	0.09558986872434616	0.0	0.2663067877292633	0.3292311429977417	0.007186771836131811	0.4917116165161133	0.0	0.0	0.0	0.24950440227985382	0.04894842579960823	0.48450878262519836	0.2363467961549759	0.3741339147090912	0.0	0.11789318919181824	0.08071990311145782	0.0	0.0	0.037711068987846375
0.337921679019928	0.11558939516544342	0.0560225173830986	0.15280042588710785	0.0	0.0	0.0	0.0	0.0913134440779686	0.0	0.07656452804803848	0.05741429328918457	0.18794535100460052	0.10696844756603241	0.32112324237823486	0.23675023019313812	0.2232421338558197	0.3023480772972107	0.0	0.0	0.0	0.12138792127370834	0.0	0.0	0.08192691951990128	0.11980569362640381	0.0	0.32672157883644104	0.0	0.0	0.0	0.20134864747524261	0.27532148361206055	0.25400498509407043	0.0	0.14118656516075134	0.20753557980060577	0.0	0.06795882433652878	0.06657101213932037	0.0	0.0	0.0	0.0	0.0	0.14016765356063843	0.0	0.2028229534626007	0.0	0.0	0.0	0.0	0.18737678229808807	0.0	0.0738774985074997	0.0	0.0	0.0	0.253319650888443	0.0	0.0	0.0020547285676002502	0.06569509208202362	0.0	0.0	0.021014481782913208	0.0	0.05579531937837601	0.16595257818698883	0.023667823523283005	0.19607526063919067	0.45692184567451477	0.11122822016477585	0.07941079884767532	0.029430780559778214	0.0	0.0	0.3175759017467499	0.0	0.0	0.0	0.0	0.2072426974773407	0.3439899981021881	0.1715371310710907	0.0	0.0	0.0	0.0	0.0	0.08969855308532715	0.0	0.0	0.16650663316249847	0.0	0.46552398800849915	0.12418504804372787	0.0	0.11109141260385513	0.0
0.0	0.1165810227394104	0.08107662200927734	0.0	0.011011101305484772	0.11580967903137207	0.0	0.2330848127603531	0.0	0.20413395762443542	0.11181513965129852	0.03805062547326088	0.03891555964946747	0.3178439736366272	0.25669923424720764	0.0	0.0	0.018158022314310074	0.0	0.0	0.0	0.06310899555683136	0.0	0.0	0.14078986644744873	0.0	0.027884729206562042	0.17112886905670166	0.1697014421224594	0.0	0.0	0.3460147976875305	0.056908730417490005	0.0	0.06985636055469513	0.018200751394033432	0.22434481978416443	0.0	0.0	0.0	0.12743237614631653	0.06102451682090759	0.0	0.0	0.0	0.11073426902294159	0.16994604468345642	0.0	0.23130132257938385	0.4471154510974884	0.0	0.0	0.0	0.0	0.07488266378641129	0.0	0.0	0.0	0.0	0.0	0.0	0.01770356297492981	0.0	0.24633878469467163	0.13328421115875244	0.17089784145355225	0.24395084381103516	0.0	0.02058805525302887	0.0	0.12693017721176147	0.0	0.12689454853534698	0.18585370481014252	0.0	0.0	0.0	0.0	0.0	0.23996500670909882	0.17371360957622528	0.19641491770744324	0.1232045367360115	0.10267691314220428	0.05924789234995842	0.052762072533369064	0.0	0.0	0.0	0.0	0.0	0.02774432674050331	0.08160822838544846	0.0	0.0	0.023484813049435616	0.0	0.14580222964286804	0.0	0.0
0.0	0.12663644552230835	0.0	0.0	0.049642033874988556	0.0	0.0	0.0	0.09293387830257416	0.0	0.0	0.021532921120524406	0.07060279697179794	0.08278638124465942	0.22414003312587738	0.01280946470797062	0.09966541826725006	0.09178369492292404	0.0	0.1387021690607071	0.0	0.06710509955883026	0.0	0.0	0.0	0.057463109493255615	0.15567512810230255	0.0	0.07506144791841507	0.0	0.0	0.1397058665752411	0.2436549812555313	0.08956614881753922	0.0	0.0	0.22029441595077515	0.11386481672525406	0.09706849604845047	0.0	0.0	0.0179368294775486	0.0	0.0	0.05932455509901047	0.0	0.07917105406522751	0.11908739060163498	0.0941009595990181	0.0	0.0	0.0	0.0	0.0	0.021401075646281242	0.21372085809707642	0.048834528774023056	0.0	0.0	0.0	0.135431706905365	0.020423030480742455	0.02785167284309864	0.17241132259368896	0.0	0.03924110531806946	0.1250440776348114	0.0	0.0	0.0316028818488121	0.13668853044509888	0.23930758237838745	0.08103018999099731	0.0	0.2467917650938034	0.0	0.08135821670293808	0.21411190927028656	0.0	0.0	0.0	0.0	0.026079781353473663	0.210061177611351	0.21030667424201965	0.0721634030342102	0.0	0.0	0.0	0.1116543784737587	0.0	0.0	0.008249453268945217	0.16903342306613922	0.0	0.036054257303476334	0.032487042248249054	0.08854997903108597	0.035086870193481445	0.0
0.35209596157073975	0.31285715103149414	0.0	0.0	0.17791903018951416	0.19629104435443878	0.0	0.0	0.0	0.1668819636106491	0.43958958983421326	0.02150161750614643	0.1372058391571045	0.09797012805938721	0.4297461211681366	0.0	0.0	0.5447226166725159	0.0	0.0	0.0	0.028725162148475647	0.0	0.0	0.0	0.3722771108150482	0.0	0.35767096281051636	0.2638181746006012	0.07679331302642822	0.0	0.2224757969379425	0.14896701276302338	0.0	0.0	0.29901331663131714	0.2467985898256302	0.0	0.0	0.14177446067333221	0.06154448166489601	0.0	0.0	0.0	0.0309994425624609	0.030915183946490288	0.08243393152952194	0.0	0.07024265825748444	0.06986497342586517	0.0	0.0	0.0	0.0	0.0	0.07702651619911194	0.0	0.0	0.0	0.0	0.0	0.1641124188899994	0.08455314487218857	0.059720925986766815	0.4806389808654785	0.08854907751083374	0.0	0.0	0.16947408020496368	0.0	0.25961834192276	0.20696139335632324	0.0	0.253823459148407	0.0	0.0	0.0	0.03838254511356354	0.0	0.04551722854375839	0.24807004630565643	0.0	0.2522141635417938	0.5724269151687622	0.10029415041208267	0.16293208301067352	0.0	0.0704699456691742	0.1413242071866989	0.127462700009346	0.0	0.0	0.0	0.3694082200527191	0.0	0.0	0.0	0.0	0.02315390855073929	0.0
0.0	0.0	0.10071175545454025	0.0	0.18351301550865173	0.0	0.0	0.10201796889305115	0.20439325273036957	0.0	0.05481437221169472	0.0	0.1190297082066536	0.07257731258869171	0.09139816462993622	0.0	0.0	0.06715383380651474	0.0	0.0	0.0	0.0	0.0	0.0	0.19532662630081177	0.0	0.23328913748264313	0.05478581786155701	0.18210956454277039	0.0	0.0	0.013544095680117607	0.051820434629917145	0.07938358187675476	0.0	0.06860359013080597	0.038070302456617355	0.0	0.0	0.0378507524728775	0.0	0.07697279006242752	0.0	0.0	0.0	0.0	0.0	0.0	0.21328863501548767	0.12086869776248932	0.0	0.0	0.0	0.03180425241589546	0.0	0.15407855808734894	0.0	0.0	0.0	0.0	0.16681498289108276	0.10487524420022964	0.0	0.21615555882453918	0.0810721144080162	0.1093757301568985	0.0	0.04095869138836861	0.28979256749153137	0.0	0.0	0.17306089401245117	0.12428964674472809	0.09660336375236511	0.20466867089271545	0.009296467527747154	0.264055073261261	0.16492681205272675	0.038581520318984985	0.0	0.018349768593907356	0.0	0.0	0.3750210702419281	0.0	0.011019748635590076	0.0	0.0	0.11316730827093124	0.04319789260625839	0.0	0.0	0.011548218317329884	0.0	0.0	0.18655060231685638	0.16704745590686798	0.0	0.0	0.0
0.0	0.23291882872581482	0.15932205319404602	0.0	0.0032422151416540146	0.0	0.0	0.0	0.21120741963386536	0.00447133369743824	0.26549142599105835	0.21851180493831635	0.0	0.0	0.16308718919754028	0.047451771795749664	0.2211339920759201	0.01947905123233795	0.0	0.0	0.0	0.2472071349620819	0.0	0.0	0.1642247587442398	0.26263612508773804	0.025589115917682648	0.23460176587104797	0.37538743019104004	0.0	0.0	0.0	0.0635552704334259	0.0	0.0	0.10173331201076508	0.07009854912757874	0.0	0.05920030176639557	0.0	0.15079344809055328	0.0	0.0	0.0	0.0	0.023994479328393936	0.20511513948440552	0.16351786255836487	0.11538408696651459	0.027406547218561172	0.0	0.0	0.041219111531972885	0.0	0.0	0.10902217030525208	0.0	0.0	0.0	0.0	0.06562939286231995	0.1273564100265503	0.1269417256116867	0.0	0.17569123208522797	0.22465766966342926	0.0	0.0	0.11386830359697342	0.0	0.29449036717414856	0.0	0.13123825192451477	0.04587622359395027	0.17070047557353973	0.0	0.0	0.07399511337280273	0.0	0.0	0.045086950063705444	0.0	0.010133019648492336	0.48983433842658997	0.22925111651420593	0.2527007460594177	0.0	0.0	0.0	0.0	0.0	0.13324108719825745	0.0	0.05607999861240387	0.0	0.11013812571763992	0.01709556207060814	0.030033402144908905	0.14978978037834167	0.0
0.11335071176290512	0.20174241065979004	0.04529501497745514	0.020746985450387	0.2653873562812805	0.279214471578598	0.0	0.24349063634872437	0.14295247197151184	0.21633929014205933	0.27408167719841003	0.0	0.2642122507095337	0.0	0.3115786910057068	0.06980293244123459	0.0	0.3903641402721405	0.0	0.0	0.0	0.0	0.17627762258052826	0.0	0.0	0.0	0.0	0.30939045548439026	0.34090656042099	0.19787022471427917	0.0	0.07329164445400238	0.05801013857126236	0.20648545026779175	0.4004504680633545	0.08893507719039917	0.31068021059036255	0.0	0.017162399366497993	0.0787503719329834	0.0	0.0	0.0	0.22529564797878265	0.0	0.0	0.0	0.0	0.1403581202030182	0.30325621366500854	0.08190310746431351	0.0	0.0631212443113327	0.0	0.14203815162181854	0.11042123287916183	0.06797686219215393	0.0	0.06551838666200638	0.023634880781173706	0.0	0.051651500165462494	0.0	0.042042359709739685	0.12135620415210724	0.25083667039871216	0.0018696952611207962	0.15603351593017578	0.0	0.07628709077835083	0.24892684817314148	0.06252428889274597	0.0	0.010327649302780628	0.0	0.0	0.0	0.0	0.0	0.0	0.26038625836372375	0.293994665145874	0.0	0.10199348628520966	0.0	0.0	0.0	0.0438569039106369	0.0	0.0	0.0	0.08301156759262085	0.04364528879523277	0.0	0.0	0.2293645590543747	0.0	0.0	0.0	0.0
0.0	0.11882008612155914	0.0	0.1577351838350296	0.0009874068200588226	0.08884303271770477	0.12176767736673355	0.0	0.08855576068162918	0.0	0.0	0.043646715581417084	0.0	0.05352761968970299	0.0	0.0	0.08794043958187103	0.0	0.0	0.0	0.0	0.0	0.0	0.010887287557125092	0.04379788041114807	0.014697241596877575	0.0	0.0	0.14929205179214478	0.0	0.0	0.408143013715744	0.0	0.052439361810684204	0.0	0.036638062447309494	0.3729310929775238	0.0	0.14444869756698608	0.0	0.0	0.0	0.0	0.14084702730178833	0.09725647419691086	0.0	0.2955780327320099	0.04072052240371704	0.0	0.0	0.1115252897143364	0.0	0.0	0.0	0.22826236486434937	0.0	0.0	0.0	0.007030673325061798	0.005434676073491573	0.0	0.0	0.0	0.0	0.17721310257911682	0.041640542447566986	0.2938125431537628	0.0	0.0	0.04241829365491867	0.31333816051483154	0.035947222262620926	0.07153015583753586	0.011526481248438358	0.2202833592891693	0.0	0.24992245435714722	0.1403859704732895	0.0068255700170993805	0.190534308552742	0.0	0.08767693489789963	0.0	0.10129338502883911	0.099819116294384	0.3352406919002533	0.0	0.0	0.0	0.0	0.0	0.0	0.2510685920715332	0.10301709175109863	0.0	0.13361774384975433	0.0	0.11037712544202805	0.0	0.0
0.01810343936085701	0.14560674130916595	0.0	0.0	0.10659771412611008	0.15624286234378815	0.0	0.004953684285283089	0.07176265865564346	0.23873555660247803	0.0	0.022748908028006554	0.04880508780479431	0.0	0.03260260447859764	0.1640119105577469	0.053165845572948456	0.20434072613716125	0.0	0.0	0.0	0.0	0.022970473393797874	0.08748819679021835	0.021049361675977707	0.0	0.0	0.03178100287914276	0.34289419651031494	0.05466124415397644	0.0	0.012761352583765984	0.0	0.03787771984934807	0.06262766569852829	0.0	0.13719332218170166	0.0	0.0	0.0	0.002929147332906723	0.0	0.0	0.0	0.0	0.2243269383907318	0.1202048510313034	0.0	0.08936969935894012	0.3229520320892334	0.0	0.0	0.0	0.0	0.0	0.1557270884513855	0.0	0.341979444026947	0.0	0.0	0.0	0.13650931417942047	0.03901253640651703	0.0	0.10228133201599121	0.0	0.06080938130617142	0.0	0.06566113233566284	0.0	0.07955854386091232	0.0	0.141657754778862	0.10212778300046921	0.0	0.07683557271957397	0.08768932521343231	0.0	0.0	0.17467328906059265	0.017453080043196678	0.0	0.04753981530666351	0.2667003571987152	0.17076964676380157	0.1575678139925003	0.0	0.036849990487098694	0.0	0.0	0.0	0.0	0.0	0.0	0.0	0.0	0.0	0.20401829481124878	0.0	0.0
0.0	0.05143820866942406	0.06844817847013474	0.0	0.046629585325717926	0.0	0.0	0.1137998178601265	0.0	0.4153524339199066	0.11701813340187073	0.0	0.06240829452872276	0.14420907199382782	0.10013511776924133	0.0	0.022496722638607025	0.0	0.0	0.0	0.07567976415157318	0.0	0.0	0.003922410309314728	0.09165345877408981	0.0	0.17100316286087036	0.1660793572664261	0.3521328568458557	0.0	0.0	0.1459987461566925	0.0	0.0	0.15991640090942383	0.16873900592327118	0.14355546236038208	0.0	0.0	0.0	0.02115539088845253	0.03899768367409706	0.0	0.0	0.0	0.008222382515668869	0.18510368466377258	0.0	0.2771309018135071	0.38526490330696106	0.0	0.0	0.0	0.06748645752668381	0.15100502967834473	0.061962924897670746	0.0	0.0	0.0	0.0	0.0	0.029557829722762108	0.0	0.16611185669898987	0.115690678358078	0.07440263032913208	0.0986311137676239	0.0	0.03321893513202667	0.0	0.10201634466648102	0.0	0.10094990581274033	0.0727030411362648	0.0	0.0	0.0	0.0	0.0	0.141826793551445	0.09851128607988358	0.0	0.14344178140163422	0.24946065247058868	0.2029033601284027	0.22209997475147247	0.0	0.0	0.0	0.0	0.0	0.0	0.08334794640541077	0.0	0.0	0.02328651212155819	0.0	0.0015331432223320007	0.0	0.0
0.0	0.0634978711605072	0.0	0.0	0.022810086607933044	0.0	0.0	0.0	0.0	0.0	0.010646668262779713	0.0	0.0	0.0	0.10095641016960144	0.0	0.0	0.23722711205482483	0.0	0.0	0.0	0.0	0.0	0.01070365309715271	0.0	0.0	0.3670869767665863	0.1526268571615219	0.0	0.06755602359771729	0.0	0.09351828694343567	0.0	0.0	0.0	0.23889166116714478	0.0	0.0	0.09620145708322525	0.0	0.09185051918029785	0.0	0.0	0.0	0.0	0.1484011560678482	0.0	0.0	0.0	0.277144193649292	0.0	0.1080496683716774	0.0	0.0	0.11701422184705734	0.18706336617469788	0.0	0.0	0.0	0.2095874696969986	0.008610419929027557	0.0	0.2715471386909485	0.10303785651922226	0.2900409400463104	0.3787500858306885	0.0	0.0	0.0	0.054757215082645416	0.33477285504341125	0.005865719169378281	0.0	0.03691600635647774	0.39597827196121216	0.430232435464859	0.0	0.46770530939102173	0.0	0.0	0.12845629453659058	0.04630973935127258	0.008936501108109951	0.2715131938457489	0.27998799085617065	0.07815060764551163	0.0	0.20395995676517487	0.2007436603307724	0.06019192188978195	0.2861183285713196	0.21704012155532837	0.0	0.20928676426410675	0.06299863010644913	0.0	0.36266106367111206	0.0	0.0	0.0
0.10404149442911148	0.0	0.0	0.0	0.20363450050354004	0.0	0.0	0.0940387174487114	0.15683488547801971	0.3194124102592468	0.0	0.10681980848312378	0.0	0.0	0.19072020053863525	0.0	0.1585116684436798	0.03731361776590347	0.0	0.17053045332431793	0.0	0.010565917007625103	0.0	0.0	0.14345133304595947	0.11460775136947632	0.0	0.038974203169345856	0.3464083671569824	0.1609940230846405	0.03117140382528305	0.30268341302871704	0.06987469643354416	0.0	0.24817274510860443	0.0	0.00923010241240263	0.0	0.0	0.0	0.0	0.06446061283349991	0.0	0.14957858622074127	0.0	0.0	0.21937870979309082	0.0	0.11810091137886047	0.0	0.0	0.062395431101322174	0.0	0.0	0.10741327702999115	0.07363729178905487	0.0	0.1372564136981964	0.1334618330001831	0.0	0.0	0.0	0.0	0.0	0.14195337891578674	0.20362797379493713	0.0	0.0	0.0	0.0	0.1742483675479889	0.0	0.0	0.19091053307056427	0.008291492238640785	0.17212873697280884	0.09505733847618103	0.02630450390279293	0.017757706344127655	0.07238778471946716	0.145721435546875	0.0	0.22004522383213043	0.343919038772583	0.19797596335411072	0.048534516245126724	0.0	0.0	0.0	0.06317714601755142	0.0	0.0	0.1760237216949463	0.0	0.0	0.0	0.0	0.0	0.0	0.0
0.0	0.050102654844522476	0.0	0.0	0.0	0.0	0.0	0.0	0.06654433906078339	0.0653478354215622	0.029728731140494347	0.0	0.08025223016738892	0.07519273459911346	0.12744846940040588	0.11578049510717392	0.17320376634597778	0.1457187533378601	0.0	0.0	0.0	0.0062234289944171906	0.0	0.0	0.024792537093162537	0.0	0.0	0.05278542637825012	0.05055420845746994	0.0	0.0	0.14111757278442383	0.1413966417312622	0.4007396697998047	0.0	0.20762735605239868	0.5324996113777161	0.02133817970752716	0.0	0.0	0.04439133033156395	0.0	0.0	0.0	0.0	0.0	0.04193234443664551	0.155592143535614	0.056715019047260284	0.12450429797172546	0.0	0.0	0.0	0.0	0.0	0.08870622515678406	0.0	0.0	0.0	0.0	0.02398577332496643	0.3436833620071411	0.0	0.10993993282318115	0.0	0.13928699493408203	0.0	0.019794300198554993	0.16651609539985657	0.09669185429811478	0.1366589516401291	0.17641997337341309	0.3707287013530731	0.06864216923713684	0.06271259486675262	0.05653867870569229	0.059927746653556824	0.14032095670700073	0.0	0.0	0.0	0.09575555473566055	0.010947431437671185	0.0	0.15097904205322266	0.0703529566526413	0.0	0.0	0.0	0.0	0.0	0.0	0.004670682363212109	0.0	0.004351450130343437	0.2815256416797638	0.0	0.11655276268720627	0.0	0.0
0.0	0.33429476618766785	0.2811048924922943	0.0	0.1281314194202423	0.34343910217285156	0.0	0.0	0.17094668745994568	0.05605367571115494	0.13447293639183044	0.0	0.0	0.09724906086921692	0.6551945805549622	0.0	0.24345868825912476	0.20084631443023682	0.0	0.0	0.0	0.1886422336101532	0.0	0.0384933166205883	0.0	0.07715509086847305	0.2876346707344055	0.26314812898635864	0.12268190085887909	0.0	0.0	0.23912230134010315	0.13811415433883667	0.07624905556440353	0.0	0.19801659882068634	0.10397909581661224	0.0	0.1883569359779358	0.0	0.0	0.17055563628673553	0.0	0.0	0.0	0.0	0.052830770611763	0.4441685080528259	0.16371163725852966	0.0	0.13361655175685883	0.0	0.11645926535129547	0.05497995764017105	0.027025092393159866	0.13179677724838257	0.0	0.0	0.0	0.0	0.2570066750049591	0.11506641656160355	0.0	0.01862839236855507	0.4145621061325073	0.35936158895492554	0.0	0.0	0.293159544467926	0.018061673268675804	0.04277557134628296	0.2423628568649292	0.20784741640090942	0.24120821058750153	0.07401707768440247	0.0	0.30976441502571106	0.41190794110298157	0.0	0.0	0.08823215216398239	0.0	0.04321865364909172	0.524139404296875	0.0	0.14268101751804352	0.0	0.0	0.0	0.0	0.0	0.198359876871109	0.0	0.1361667662858963	0.0	0.47993579506874084	0.1696082055568695	0.0	0.0013958122581243515	0.0
0.2506595551967621	0.0	0.0	0.0	0.07912123948335648	0.07850020378828049	0.0	0.0	0.10260996967554092	0.0	0.10887450724840164	0.0	0.14253666996955872	0.10399729013442993	0.15422040224075317	0.0	0.0	0.12941478192806244	0.0	0.0	0.0	0.15500077605247498	0.0	0.0	0.0	0.0	0.0	0.0	0.12120739370584488	0.013777531683444977	0.0	0.0	0.3338012099266052	0.0	0.0	0.24053049087524414	0.5339339971542358	0.0	0.0	0.0	0.0	0.0	0.0	0.0	0.026516223326325417	0.31431034207344055	0.42902877926826477	0.20865333080291748	0.1662386655807495	0.0	0.0	0.0	0.0	0.0	0.0	0.0744810402393341	0.034631192684173584	0.07935737073421478	0.0	0.0	0.14165258407592773	0.19152623414993286	0.0	0.16819915175437927	0.18806791305541992	0.0	0.0	0.0	0.028343070298433304	0.0	0.250383585691452	0.028628647327423096	0.0	0.25734978914260864	0.15888138115406036	0.0	0.056001659482717514	0.05793933942914009	0.0	0.20479580760002136	0.10814305394887924	0.12202117592096329	0.18138040602207184	0.4827711284160614	0.0	0.20044541358947754	0.0	0.0	0.2990979254245758	0.21288363635540009	0.09554024040699005	0.0	0.0831524133682251	0.22799111902713776	0.0	0.0	0.0	0.0	0.0	0.13045404851436615
0.14083361625671387	0.36530378460884094	0.0	0.0	0.0	0.1151486337184906	0.0	0.03343087434768677	0.1337224394083023	0.09496916085481644	0.0	0.0	0.14785419404506683	0.0	0.23802368342876434	0.0	0.0	0.4853506088256836	0.0	0.0	0.04364842176437378	0.0	0.0	0.16419366002082825	0.0	0.0	0.07206505537033081	0.21615013480186462	0.22894449532032013	0.3274564743041992	0.0	0.35259708762168884	0.021543174982070923	0.0	0.24901889264583588	0.0	0.10978896915912628	0.0	0.2574850618839264	0.14768165349960327	0.0	0.0	0.0	0.0	0.0	0.0	0.0	0.0	0.256976455450058	0.25140252709388733	0.1526370495557785	0.0	0.0	0.005024969577789307	0.16838784515857697	0.053148604929447174	0.0	0.0	0.0	0.0	0.026660138741135597	0.0	0.0	0.33877795934677124	0.012650679796934128	0.11897595226764679	0.0596734918653965	0.0	0.0	0.0	0.0	0.04471120983362198	0.0	0.020499099045991898	0.08473005890846252	0.0	0.0	0.0909639447927475	0.0	0.13472872972488403	0.0	0.16400669515132904	0.037710290402173996	0.2179686427116394	0.02482546493411064	0.037822090089321136	0.0	0.11188210546970367	0.0	0.0	0.0	0.0	0.0	0.011884951964020729	0.0	0.06496891379356384	0.0	0.09513414651155472	0.0	0.0
0.09864106774330139	0.0774853527545929	0.0	0.0031161848455667496	0.0	0.0696723684668541	0.0	0.023219216614961624	0.41722753643989563	0.0477190762758255	0.0	0.0	0.0	0.1783497929573059	0.257343053817749	0.0	0.2260669469833374	0.003508233465254307	0.0	0.0	0.009827671572566032	0.11247186362743378	0.0	0.05820232257246971	0.0	0.0	0.0	0.16770000755786896	0.10264003276824951	0.01744166575372219	0.0	0.26526182889938354	0.0	0.40327581763267517	0.0	0.0	0.461384117603302	0.16984575986862183	0.012866916134953499	0.03461214900016785	0.0	0.0	0.0	0.0	0.0	0.0	0.15723849833011627	0.020439930260181427	0.14432844519615173	0.1734582781791687	0.0	0.0	0.0	0.0	0.0	0.10755673050880432	0.0	0.0	0.0	0.0	0.0	0.09204696118831635	0.0	0.15635916590690613	0.11662875860929489	0.2186756283044815	0.20883901417255402	0.0	0.06710796058177948	0.1898503452539444	0.2347559928894043	0.0	0.6338601112365723	0.15940968692302704	0.14277063310146332	0.0	0.0	0.0661158412694931	0.0	0.07818132638931274	0.0	0.04971453920006752	0.07208587974309921	0.0	0.38463568687438965	0.49495869874954224	0.0	0.0	0.0	0.0	0.0	0.0	0.0	0.0	0.0	0.25127097964286804	0.0	0.24056404829025269	0.0	0.05148838460445404
0.13612325489521027	0.025750651955604553	0.08397555351257324	0.1931626945734024	0.0	0.0	0.0	0.1231677234172821	0.0	0.0	0.0	0.20117489993572235	0.22163128852844238	0.0	0.037930261343717575	0.0	0.14313149452209473	0.0	0.0	0.0	0.0	0.05812426283955574	0.0	0.07133007794618607	0.06654907763004303	0.01586097851395607	0.0	0.0	0.01261213980615139	0.0	0.0	0.062223583459854126	0.0	0.07705812156200409	0.0	0.03496289625763893	0.550236165523529	0.26864054799079895	0.0	0.0	0.0	0.0	0.0	0.022461218759417534	0.0	0.0	0.0	0.0	0.0	0.04007464274764061	0.15298916399478912	0.0	0.0	0.12390219420194626	0.0	0.13954442739486694	0.0	0.0	0.0	0.0	0.05176962912082672	0.04239113628864288	0.0	0.16520419716835022	0.0	0.03960523009300232	0.0	0.0	0.07532034069299698	0.0	0.1471066176891327	0.05154392123222351	0.22279301285743713	0.12100206315517426	0.13733956217765808	0.0	0.0689401626586914	0.0	0.0	0.0	0.0	0.22277970612049103	0.0	0.0	0.0	0.16899815201759338	0.0	0.017659299075603485	0.012898391112685204	0.0	0.0	0.0	0.1165035143494606	0.23063378036022186	0.0	0.23860296607017517	0.0	0.2655157446861267	0.0	0.1091206967830658
0.0	0.0	0.0059926193207502365	0.0	0.0	0.0	0.0	0.12515084445476532	0.12003820389509201	0.0	0.0	0.0	0.0	0.004932418465614319	0.1192571222782135	0.0	0.07077966630458832	0.0	0.011097523383796215	0.12782730162143707	0.0	0.08678410947322845	0.0	0.0	0.25936102867126465	0.08749660849571228	0.0	0.0029183626174926758	0.13109661638736725	0.0	0.0	0.3196174204349518	0.13948842883110046	0.0	0.0	0.0	0.029543444514274597	0.0	0.0	0.052083149552345276	0.0	0.0	0.0	0.0	0.0	0.0	0.0	0.0	0.09133724123239517	0.0	0.0	0.0	0.0	0.0	0.02884659543633461	0.07203802466392517	0.0	0.05797138437628746	0.03393609821796417	0.0	0.18649983406066895	0.0	0.07324468344449997	0.021939639002084732	0.0	0.02937987819314003	0.0	0.04405710846185684	0.1730603128671646	0.0	0.17515340447425842	0.0	0.12744508683681488	0.0	0.24603994190692902	0.045904554426670074	0.0	0.17324359714984894	0.0	0.0	0.14958254992961884	0.0	0.0	0.2595922648906708	0.24304693937301636	0.015260694548487663	0.0	0.0	0.0	0.14480294287204742	0.0	0.0	0.012134651653468609	0.0	0.0	0.09271091222763062	0.05785883963108063	0.0	0.0	0.0
0.0	0.06688865274190903	0.0	0.0	0.09769759327173233	0.0	0.0	0.0	0.12613801658153534	0.029973460361361504	0.0	0.04414097219705582	0.0	0.17230024933815002	0.23149199783802032	0.0	0.13586941361427307	0.0	0.14829806983470917	0.032563913613557816	0.025572342798113823	0.0	0.0	0.0	0.026959557086229324	0.03567320108413696	0.16810357570648193	0.0	0.08120264112949371	0.0	0.0	0.17248503863811493	0.37608546018600464	0.08434519916772842	0.0	0.0	0.08128960430622101	0.0	0.17644979059696198	0.0	0.0	0.0	0.0	0.0	0.07551104575395584	0.0	0.0	0.12577185034751892	0.25395292043685913	0.0	0.0	0.0	0.0	0.0	0.03330811858177185	0.2950921356678009	0.0	0.058730702847242355	0.05354282259941101	0.0	0.2428784966468811	0.0	0.0739152729511261	0.08144546300172806	0.0	0.1362403780221939	0.1408797651529312	0.0	0.0	0.06500813364982605	0.27166035771369934	0.13340860605239868	0.14415544271469116	0.0	0.26118892431259155	0.023441674187779427	0.08910129964351654	0.26556459069252014	0.0	0.0	0.0	0.0	0.0	0.20610389113426208	0.3093684911727905	0.17783555388450623	0.0	0.0	0.0	0.1137583926320076	0.0	0.0	0.0	0.06110314279794693	0.0	0.13003131747245789	0.03587756305932999	0.0	0.0	0.0
0.0	0.10363215208053589	0.0	0.0	0.07158143073320389	0.0	0.0	0.0	0.07883188873529434	0.12639138102531433	0.0	0.0	0.01735013723373413	0.07169497013092041	0.3258233368396759	0.0	0.1501895934343338	0.0	0.0013137338683009148	0.07965610921382904	0.0	0.1426246017217636	0.0	0.0	0.0	0.08016587793827057	0.11102741956710815	0.1359138786792755	0.1211918443441391	0.0	0.0	0.2563362717628479	0.16977491974830627	0.1562725454568863	0.0	0.0	0.05045241117477417	0.051109593361616135	0.11887498944997787	0.0	0.0	0.005192865617573261	0.0	0.04429268836975098	0.1382884383201599	0.05852323770523071	0.0	0.13181817531585693	0.09118469804525375	0.0	0.0	0.0	0.0	0.028374269604682922	0.020791780203580856	0.05375611037015915	0.02071544900536537	0.0	0.031199567019939423	0.0	0.08868490904569626	0.0	0.06534264236688614	0.023387502878904343	0.024537576362490654	0.06885974109172821	0.18559376895427704	0.0	0.0	0.003337237983942032	0.1331120878458023	0.16031527519226074	0.24289053678512573	0.0	0.163443922996521	0.022710690274834633	0.21447542309761047	0.2930826246738434	0.0	0.0	0.004035281017422676	0.010616539977490902	0.0009797662496566772	0.1603173017501831	0.09569185227155685	0.11369785666465759	0.0	0.0	0.0	0.022129613906145096	0.0	0.0	0.0	0.0	0.0	0.10179418325424194	0.07375182211399078	0.037324100732803345	0.0	0.0
0.013573549687862396	0.23304259777069092	0.1900143325328827	0.0	0.11607501655817032	0.05458139255642891	0.0	0.0	0.012234723195433617	0.0	0.1528850942850113	0.03594869375228882	0.18065108358860016	0.041111696511507034	0.30949318408966064	0.1649296134710312	0.049170613288879395	0.2862756550312042	0.0	0.0	0.0	0.0753479078412056	0.0	0.2610121965408325	0.13148170709609985	0.170515239238739	0.10757520794868469	0.1886122077703476	0.0	0.0	0.0	0.30203887820243835	0.09484315663576126	0.014012395404279232	0.0	0.0	0.1779312640428543	0.0	0.10401593148708344	0.0	0.0	0.08581384271383286	0.0	0.0	0.0	0.017534127458930016	0.0	0.1568548083305359	0.0	0.0	0.24409617483615875	0.02281535416841507	0.0	0.0	0.052221186459064484	0.0035374201834201813	0.05043358355760574	0.0	0.07343200594186783	0.0	0.052760154008865356	0.06336411833763123	0.02616480551660061	0.0	0.24616660177707672	0.0	0.14168134331703186	0.0	0.21390116214752197	0.0	0.0	0.4747038185596466	0.06889268010854721	0.13988855481147766	0.0	0.0	0.2543928921222687	0.20220449566841125	0.0	0.05425950884819031	0.0	0.0	0.19427110254764557	0.5022376179695129	0.0	0.16177044808864594	0.0	0.1045743077993393	0.0	0.0	0.0	0.0994788259267807	0.08576078712940216	0.3815733790397644	0.0	0.43275320529937744	0.19805681705474854	0.0	0.07936755567789078	0.0
0.17862729728221893	0.0	0.0042057521641254425	0.0	0.0	0.061527498066425323	0.0	0.07610028982162476	0.18700574338436127	0.10119884461164474	0.0	0.0	0.0	0.21508453786373138	0.27387508749961853	0.0	0.07740208506584167	0.0	0.0	0.007357943803071976	0.0	0.1722671091556549	0.0	0.0	0.13687625527381897	0.0	0.17414340376853943	0.0007250998169183731	0.0	0.041502516716718674	0.0	0.20615650713443756	0.19041849672794342	0.03688700497150421	0.0	0.06016262248158455	0.31566309928894043	0.12374519556760788	0.26829564571380615	0.0	0.02631811425089836	0.0	0.0	0.0	0.0015843529254198074	0.0	0.008101016283035278	0.27379316091537476	0.13630087673664093	0.04045499861240387	0.0	0.0	0.0	0.0	0.0	0.007622852921485901	0.0	0.0	0.0	0.0	0.0	0.0	0.0	0.1291172355413437	0.020455867052078247	0.06574031710624695	0.049528758972883224	0.0	0.017044998705387115	0.0	0.16081424057483673	0.15452829003334045	0.2183404266834259	0.0	0.0585000179708004	0.0	0.20324407517910004	0.1918804794549942	0.0	0.0	0.0	0.0	0.029107071459293365	0.0858554095029831	0.17669247090816498	0.286841481924057	0.0	0.0	0.09795131534337997	0.0	0.0	0.0	0.10242694616317749	0.0	0.0	0.0	0.08268648386001587	0.023519933223724365	0.0	0.0
0.0	0.0	0.15101146697998047	0.0	0.04652337729930878	0.04675145074725151	0.0	0.12311628460884094	0.0	0.19138573110103607	0.095241479575634	0.05455874651670456	0.0	0.02286146953701973	0.31496402621269226	0.0	0.0	0.06210092455148697	0.0	0.02379801496863365	0.0	0.026124991476535797	0.0	0.0	0.0	0.08532154560089111	0.10550916939973831	0.18451043963432312	0.05137448012828827	0.0	0.018147040158510208	0.0	0.0	0.0	0.0	0.34085121750831604	0.12191051244735718	0.0	0.0	0.0	0.17851516604423523	0.00021826010197401047	0.0	0.0	0.0	0.0	0.0	0.0	0.017033202573657036	0.3082055151462555	0.05083553493022919	0.0	0.004343569278717041	0.07578451931476593	0.1997855007648468	0.24934475123882294	0.0	0.0	0.0	0.0	0.0	0.11920851469039917	0.0	0.0	0.11760256439447403	0.3608863353729248	0.059147242456674576	0.1325393170118332	0.07096539437770844	0.012183651328086853	0.02547948807477951	0.0	0.1593012511730194	0.02722897008061409	0.0	0.007591499015688896	0.0	0.11054806411266327	0.0	0.20166201889514923	0.1278812736272812	0.2476271092891693	0.052883874624967575	0.12291650474071503	0.2699401080608368	0.052673377096652985	0.0	0.0	0.0	0.0	0.0	0.0	0.0	0.0	0.11242471635341644	0.01427936926484108	0.0	0.19390779733657837	0.0	0.0
0.0	0.08133714646100998	0.2081981599330902	0.0	0.06061466783285141	0.1383408010005951	0.0	0.2717590034008026	0.0	0.3516453206539154	0.1374325305223465	0.0	0.0	0.12272945046424866	0.1028624027967453	0.0	0.0	0.0	0.0	0.0	0.008835291489958763	0.12555445730686188	0.0	0.0	0.024516630917787552	0.0	0.04317792132496834	0.28524288535118103	0.3307693302631378	0.0	0.08259709924459457	0.43730655312538147	0.009049509651958942	0.0	0.0	0.13846752047538757	0.02496771514415741	0.0	0.016965458169579506	0.0	0.16050530970096588	0.12421350181102753	0.0	0.0	0.0	0.09313486516475677	0.0	0.0	0.20623651146888733	0.30294010043144226	0.0	0.0	0.0	0.03524932265281677	0.1540544629096985	0.045103058218955994	0.0	0.0	0.0	0.0	0.026791948825120926	0.0	0.10997901856899261	0.14052945375442505	0.0	0.2628796696662903	0.02525346726179123	0.0	0.0	0.0	0.14300571382045746	0.0	0.07398410141468048	0.13980688154697418	0.0	0.037579573690891266	0.0	0.037383437156677246	0.0	0.1881588250398636	0.05585166811943054	0.027051202952861786	0.0961349606513977	0.18189547955989838	0.2702139616012573	0.0036472491919994354	0.0	0.0	0.0	0.0	0.0	0.0	0.07687041163444519	0.0	0.0	0.0	0.0	0.09895168989896774	0.0	0.0
0.0	0.30446454882621765	0.21678674221038818	0.036704063415527344	0.06232548505067825	0.0	0.05881545692682266	0.17774654924869537	0.19237938523292542	0.2736299932003021	0.16357512772083282	0.0	0.0	0.0	0.34164729714393616	0.0	0.0	0.11826059222221375	0.0	0.0	0.0	0.0	0.0	0.043716974556446075	0.0	0.0	0.0	0.08323560655117035	0.31269359588623047	0.0	0.0	0.27315613627433777	0.0	0.0	0.0	0.0353594534099102	0.1612529158592224	0.0	0.0	0.0	0.0	0.0	0.0	0.0	0.0	0.08865520358085632	0.18163800239562988	0.0	0.07916294038295746	0.012125957757234573	0.0	0.0	0.0	0.018956895917654037	0.0	0.014152143150568008	0.0	0.0	0.1686435341835022	0.0	0.0	0.13905829191207886	0.0	0.07721027731895447	0.42186179757118225	0.1508537381887436	0.14653383195400238	0.0	0.0	0.0	0.5078617930412292	0.10032310336828232	0.0	0.1785033494234085	0.021398786455392838	0.0	0.0	0.0	0.0	0.0	0.21234357357025146	0.0	0.17047514021396637	0.5605690479278564	0.16469964385032654	0.25307878851890564	0.0	0.018259968608617783	0.0	0.1311083436012268	0.049949660897254944	0.25781092047691345	0.1837809979915619	0.0037215445190668106	0.0	0.0074554733000695705	0.04085247963666916	0.2579917907714844	0.0	0.0
0.056009672582149506	0.4279173016548157	0.08652833849191666	0.008731832727789879	0.24450135231018066	0.35826972126960754	0.0	0.04836945980787277	0.083383709192276	0.0	0.09949739277362823	0.0	0.06410569697618484	0.07896384596824646	0.4867020845413208	0.0	0.04620510712265968	0.417765736579895	0.0	0.0	0.0	0.006182275712490082	0.0	0.12051963806152344	0.0	0.21294592320919037	0.19013191759586334	0.5432078838348389	0.1724863350391388	0.0	0.0	0.25652891397476196	0.0	0.0	0.0	0.0	0.33441269397735596	0.0	0.043227121233940125	0.0	0.11087241768836975	0.08997467160224915	0.0	0.0	0.0	0.0	0.0	0.0891125425696373	0.11780720949172974	0.12626628577709198	0.0	0.0	0.0	0.17458978295326233	0.0	0.09839041531085968	0.0	0.0	0.0	0.0	0.0	0.289131760597229	0.0	0.15070658922195435	0.25366806983947754	0.3043425679206848	0.13556122779846191	0.0	0.17631202936172485	0.02318442240357399	0.2479390799999237	0.2469252347946167	0.07488086819648743	0.14120997488498688	0.0	0.0	0.15764516592025757	0.10319419205188751	0.0	0.0	0.17338302731513977	0.0	0.0	0.32175177335739136	0.12523511052131653	0.23808589577674866	0.0	0.03391823172569275	0.07474737614393234	0.0	0.0	0.0	0.0	0.09241300076246262	0.0	0.30971136689186096	0.0	0.0	0.0	0.0
0.0	0.0	0.10437328368425369	0.0	0.009757306426763535	0.0	0.0	0.0	0.03904610127210617	0.10963604599237442	0.06392868608236313	0.0	0.0	0.07449942827224731	0.21258945763111115	0.0	0.1890975683927536	0.03787311166524887	0.0	0.0311984121799469	0.0	0.10715774446725845	0.0	0.0	0.0	0.2362193465232849	0.08399774134159088	0.06139841675758362	0.27421629428863525	0.0	0.0	0.30199626088142395	0.0	0.0	0.0	0.0	0.0	0.0	0.06525031477212906	0.0	0.0	0.0	0.0	0.0	0.0	0.018953854218125343	0.07013102620840073	0.0	0.1433616280555725	0.0	0.0	0.0	0.0	0.0	0.0	0.08395566791296005	0.0	0.0	0.08020814508199692	0.0	0.19454622268676758	0.0	0.17386677861213684	0.0	0.14392489194869995	0.25237715244293213	0.03462795540690422	0.0	0.0	0.0	0.20946280658245087	0.06082475930452347	0.1282648742198944	0.0	0.0898171067237854	0.0	0.06914778053760529	0.211927130818367	0.0	0.0	0.1833428293466568	0.03843926265835762	0.0	0.292287677526474	0.20451746881008148	0.0979020744562149	0.0	0.0	0.0	0.0	0.0	0.0	0.05620682239532471	0.01743665151298046	0.0	0.0	0.0	0.0	0.0	0.0
0.06242239475250244	0.0	0.03221627324819565	0.0	0.26499873399734497	0.20006413757801056	0.0	0.0	0.18775902688503265	0.0	0.1276450902223587	0.0	0.0	0.1701907366514206	0.30238619446754456	0.0	0.0	0.057047486305236816	0.0	0.0	0.0	0.15359801054000854	0.2039961963891983	0.04649043083190918	0.0	0.15733112394809723	0.031945548951625824	0.008363043889403343	0.32671383023262024	0.21691414713859558	0.0	0.0643446147441864	0.15836167335510254	0.1991676688194275	0.0	0.13009494543075562	0.5636991262435913	0.0	0.0	0.0	0.18155884742736816	0.0	0.0	0.0	0.0	0.23654340207576752	0.1815616339445114	0.03925628960132599	0.025677839294075966	0.25556525588035583	0.0	0.0	0.0	0.0	0.0	0.021482795476913452	0.0	0.04917776212096214	0.0	0.0	0.0	0.2651963233947754	0.0	0.23785439133644104	0.3908698260784149	0.0	0.0	0.006248501129448414	0.19876286387443542	0.022558245807886124	0.0896613821387291	0.18310138583183289	0.22615352272987366	0.033732227981090546	0.0	0.0	0.0	0.0	0.0	0.0	0.3296745717525482	0.0	0.36559608578681946	0.5360108613967896	0.0	0.17341509461402893	0.0	0.0	0.0	0.2225436419248581	0.06986458599567413	0.0	0.054388199001550674	0.32919788360595703	0.0	0.042074356228113174	0.0	0.0	0.0	0.0
0.0	0.0	0.26960235834121704	0.0	0.0	0.019028909504413605	0.0	0.0	0.10512984544038773	0.31896451115608215	0.14479458332061768	0.0	0.0	0.0	0.2471635788679123	0.0	0.03030652552843094	0.0	0.0	0.0	0.22386421263217926	0.07397996634244919	0.0	0.0	0.0	0.14618301391601562	0.14784984290599823	0.23109467327594757	0.2625618278980255	0.0	0.0	0.1924540400505066	0.12385043501853943	0.02568044513463974	0.0	0.29559168219566345	0.0	0.0	0.0	0.0	0.0	0.0	0.0	0.0	0.154333233833313	0.007737109437584877	0.0	0.0	0.2797795832157135	0.2771604657173157	0.0	0.0	0.0	0.2567009925842285	0.0	0.23134344816207886	0.0	0.0	0.0	0.0	0.14015239477157593	0.0	0.14393308758735657	0.010706780478358269	0.14086420834064484	0.2755804657936096	0.05277705565094948	0.10113206505775452	0.030022837221622467	0.0	0.22884060442447662	0.0	0.041911590844392776	0.0	0.09736621379852295	0.04722195118665695	0.0	0.05401752516627312	0.0	0.04610872641205788	0.19905482232570648	0.0	0.0	0.10321220755577087	0.28557267785072327	0.0	0.0	0.0	0.0	0.0	0.0	0.0	0.0	0.0	0.0	0.0	0.03386732190847397	0.06801764667034149	0.0	0.0
0.0	0.0	0.0	0.0	0.0	0.0	0.13004304468631744	0.023285573348402977	0.13003380596637726	0.0	0.0	0.0	0.0	0.020862646400928497	0.16802120208740234	0.014455636963248253	0.1979118138551712	0.0	0.0	0.010291282087564468	0.0	0.15704865753650665	0.0	0.0	0.0	0.0	0.0	0.10531081259250641	0.04389844089746475	0.03353448957204819	0.0	0.23887719213962555	0.0	0.2699725925922394	0.0	0.026891198009252548	0.3382900059223175	0.15596868097782135	0.1345643550157547	0.011360466480255127	0.0	0.04899509996175766	0.0	0.0	0.0	0.17735224962234497	0.15819258987903595	0.19999587535858154	0.11042406409978867	0.15486811101436615	0.0	0.0	0.0	0.0	0.0	0.05200544372200966	0.0	0.0	0.0	0.0	0.0	0.0	0.00941423699259758	0.023265421390533447	0.13676390051841736	0.02042131870985031	0.06502863764762878	0.0	0.05574414134025574	0.03798557072877884	0.3272286057472229	0.11598309129476547	0.2984509766101837	0.09874042123556137	0.009090939536690712	0.0	0.0	0.1367824673652649	0.0	0.0	0.010282939299941063	0.0	0.023844707757234573	0.28306350111961365	0.3471342921257019	0.2747519314289093	0.0	0.0	0.0	0.0	0.0	0.0	0.0	0.0	0.0	0.0	0.0	0.1911180317401886	0.0	0.11483356356620789
0.18600371479988098	0.0	0.15110117197036743	0.0	0.0022214166820049286	0.022394057363271713	0.0	0.0	0.3879760503768921	0.22464531660079956	0.13292180001735687	0.18998399376869202	0.0	0.04591505602002144	0.03319963812828064	0.0	0.0	0.0	0.0	0.0	0.0	0.27652040123939514	0.0	0.1762492060661316	0.0	0.21616007387638092	0.0	0.03201714903116226	0.2153293490409851	0.25072264671325684	0.0	0.0	0.0	0.23605448007583618	0.0	0.0	0.0731053352355957	0.0	0.0	0.0	0.10005062818527222	0.0	0.0	0.0	0.0	0.1943102926015854	0.23548997938632965	0.0	0.035366252064704895	0.0	0.0	0.0	0.0	0.0	0.0	0.23396918177604675	0.0	0.07754012942314148	0.0	0.0	0.06820739060640335	0.2697010636329651	0.0	0.15330803394317627	0.35260480642318726	0.13771837949752808	0.0	0.0	0.08584115654230118	0.0	0.38892221450805664	0.052383579313755035	0.36413368582725525	0.16765981912612915	0.15174509584903717	0.0	0.0	0.0	0.0	0.0	0.0	0.0	0.23310479521751404	0.3707628846168518	0.23196202516555786	0.27337387204170227	0.0	0.0	0.0	0.1889459639787674	0.072325699031353	0.004642937332391739	0.0	0.06362380087375641	0.06857606768608093	0.0	0.0	0.09416421502828598	0.0	0.10010512173175812
0.2097439020872116	0.06670839339494705	0.042316652834415436	0.0	0.0	0.008723631501197815	0.0	0.053355857729911804	0.09947291761636734	0.0	0.24124623835086823	0.1226186603307724	0.0	0.324388712644577	0.15081335604190826	0.0	0.02864191308617592	0.30898427963256836	0.0	0.0	0.11375588923692703	0.1136455088853836	0.0	0.1514066755771637	0.0	0.023133885115385056	0.0	0.018134010955691338	0.07704059034585953	0.0035233870148658752	0.0	0.3023346960544586	0.20645806193351746	0.0	0.0	0.15560443699359894	0.14685297012329102	0.0	0.13397330045700073	0.0	0.13384564220905304	0.0	0.0	0.0	0.06828778237104416	0.056393273174762726	0.11205163598060608	0.0	0.17721852660179138	0.12030792236328125	0.0	0.0	0.0	0.0	0.0	0.0	0.17133720219135284	0.0	0.0	0.0	0.0	0.2685382664203644	0.0	0.30967068672180176	0.14022663235664368	0.0	0.0	0.0	0.0	0.0	0.0	0.12264431267976761	0.06375909596681595	0.22425417602062225	0.0	0.0	0.0	0.0	0.2937195897102356	0.06566192209720612	0.0	0.0	0.2763289213180542	0.22576679289340973	0.09931207448244095	0.16778184473514557	0.0	0.0	0.1349574327468872	0.12155624479055405	0.03374873101711273	0.0	0.0	0.09380514174699783	0.0	0.06865441799163818	0.0	0.0	0.0	0.0
0.0	0.0	0.0	0.0	0.2895219326019287	0.0024947896599769592	0.0	0.0	0.14382371306419373	0.0878695622086525	0.41982534527778625	0.015366408042609692	0.0016931239515542984	0.08358919620513916	0.03618646785616875	0.0	0.0	0.0	0.0	0.0	0.0	0.29021093249320984	0.10774148255586624	0.07565531134605408	0.0	0.2354234904050827	0.0	0.10133406519889832	0.24859319627285004	0.1390795260667801	0.0	0.0	0.2553636431694031	0.0	0.0	0.10859277844429016	0.1941513866186142	0.0	0.0	0.0	0.1520894318819046	0.0	0.0	0.0	0.06842803210020065	0.22365665435791016	0.5887059569358826	0.05009337514638901	0.058592021465301514	0.07693135738372803	0.0	0.0	0.0	0.0	0.0	0.15411989390850067	0.0	0.1647719442844391	0.0	0.0	0.0	0.41784414649009705	0.03744427114725113	0.189642071723938	0.5293669700622559	0.0	0.0	0.0	0.3490508198738098	0.0	0.24465936422348022	0.24676263332366943	0.058289721608161926	0.29247424006462097	0.14706158638000488	0.0	0.0	0.0	0.0	0.0	0.04915511608123779	0.0	0.3353934586048126	0.5513770580291748	0.0	0.27877679467201233	0.0	0.0	0.05142923444509506	0.30951982736587524	0.2002488374710083	0.0	0.25684401392936707	0.4560993015766144	0.0	0.05770043283700943	0.0	0.0	0.0	0.021830547600984573
0.12619420886039734	0.1353272646665573	0.15123453736305237	0.0	0.2928011417388916	0.07303526997566223	0.0	0.0	0.029026424512267113	0.09456374496221542	0.22766059637069702	0.12395124137401581	0.0	0.016307283192873	0.13116787374019623	0.0	0.022692084312438965	0.0	0.0	0.0	0.0	0.04433031007647514	0.0	0.11190406233072281	0.011540264822542667	0.11852221190929413	0.0	0.1573023647069931	0.23061810433864594	0.0	0.0	0.04341892898082733	0.0743410736322403	0.0	0.0	0.10378964245319366	0.10396146774291992	0.0	0.0	0.0	0.11555807292461395	0.0	0.0	0.022053344175219536	0.0	0.4817580282688141	0.2947169244289398	0.2529944181442261	0.08582954108715057	0.01965387351810932	0.0	0.0	0.0	0.0	0.0	0.15337365865707397	0.0	0.0	0.08086202293634415	0.0	0.0	0.0	0.04678415134549141	0.0	0.057169705629348755	0.0	0.0	0.0	0.0	0.0	0.0	0.02759423851966858	0.0	0.0	0.0	0.13844981789588928	0.05785035714507103	0.16727180778980255	0.0	0.0893261730670929	0.08596771210432053	0.0	0.2640538811683655	0.5964524149894714	0.0	0.0	0.0	0.04533335566520691	0.02381838671863079	0.08452783524990082	0.21167927980422974	0.23236854374408722	0.0	0.13979236781597137	0.06951788812875748	0.012483363971114159	0.0	0.0	0.0	0.0
0.0	0.3170067369937897	0.1884019374847412	0.0	0.0	0.15294614434242249	0.0	0.14751094579696655	0.19269689917564392	0.4036605954170227	0.1879592090845108	0.12262585014104843	0.0	0.0	0.23698873817920685	0.0	0.010259933769702911	0.3509674668312073	0.0	0.0	0.0	0.0	0.0	0.0	0.0	0.0	0.0	0.2553917467594147	0.40410181879997253	0.0	0.0	0.1643916368484497	0.14171132445335388	0.007855932228267193	0.02707994543015957	0.22818484902381897	0.01738268882036209	0.0	0.0	0.0	0.0	0.0	0.0	0.0	0.0	0.0	0.006437091156840324	0.0	0.14683042466640472	0.221327006816864	0.029397061094641685	0.0	0.0	0.0	0.0	0.052160076797008514	0.0	0.0	0.0	0.0	0.0	0.0	0.0	0.10564496368169785	0.056859612464904785	0.28598707914352417	0.0	0.0	0.0	0.0	0.0	0.10728976875543594	0.16131460666656494	0.0	0.0	0.09247303009033203	0.13540945947170258	0.17054542899131775	0.0	0.0	0.041024141013622284	0.0	0.2076546847820282	0.22951456904411316	0.06274370849132538	0.0	0.0	0.0	0.0	0.0	0.0	0.0	0.0	0.0	0.0	0.0	0.0	0.19089528918266296	0.0	0.0037629157304763794
0.01823076605796814	0.15835480391979218	0.27107763290405273	0.0004983935505151749	0.0	0.0	0.0	0.1798252910375595	0.15937580168247223	0.23908714950084686	0.0	0.0	0.0	0.0	0.0	0.0	0.0	0.14120173454284668	0.1430545300245285	0.0	0.08953864872455597	0.05213762819766998	0.0	0.051856767386198044	0.0	0.02617114596068859	0.14155025780200958	0.05851132422685623	0.28166329860687256	0.0	0.0	0.05132739245891571	0.0	0.0	0.0	0.0	0.0	0.0	0.0	0.0	0.0	0.0	0.0	0.02052508294582367	0.0	0.0	0.0	0.0	0.22059187293052673	0.12322244048118591	0.0	0.0	0.0	0.0762733742594719	0.08882919698953629	0.1353798359632492	0.020134566351771355	0.0	0.0	0.0	0.23792174458503723	0.0	0.06704328954219818	0.1345004290342331	0.0	0.23958717286586761	0.0	0.0	0.0	0.04220683500170708	0.20888307690620422	0.0	0.16962313652038574	0.10523971915245056	0.2516140341758728	0.12817443907260895	0.011982057243585587	0.08264198899269104	0.0	0.01906731352210045	0.09542273730039597	0.18540818989276886	0.0	0.0	0.012097131460905075	0.1431758999824524	0.0	0.0	0.18363697826862335	0.0	0.0	0.04691658914089203	0.00731044914573431	0.0	0.0	0.04679575935006142	0.1218322366476059	0.0633973702788353	0.0	0.0
0.0	0.14862067997455597	0.1629738211631775	0.0	0.041591279208660126	0.2925402820110321	0.0	0.00713091716170311	0.3800925612449646	0.12998400628566742	0.4226141571998596	0.21078482270240784	0.0	0.16875362396240234	0.27057379484176636	0.0	0.0	0.052422549575567245	0.0	0.0	0.0921756699681282	0.006646560505032539	0.0	0.0983579084277153	0.0	0.09673482179641724	0.0	0.17483948171138763	0.37450429797172546	0.11024615168571472	0.0	0.28924810886383057	0.0020498312078416348	0.16972126066684723	0.0	0.04556797072291374	0.0	0.0	0.0	0.0	0.20559361577033997	0.0	0.0	0.0	0.0	0.08524917811155319	0.23622183501720428	0.0	0.0	0.015997719019651413	0.0	0.0	0.0	0.03408177196979523	0.0	0.32904720306396484	0.0	0.0	0.0	0.0	0.0	0.29371869564056396	0.0	0.11618220061063766	0.4342510402202606	0.16560330986976624	0.0	0.0	0.15911711752414703	0.0	0.21438927948474884	0.23475581407546997	0.05487964302301407	0.09849841892719269	0.13760536909103394	0.0	0.0	0.013745353557169437	0.0	0.0	0.04003293067216873	0.0	0.2635262608528137	0.3788115978240967	0.135700985789299	0.12889768183231354	0.0	0.010704826563596725	0.0	0.0990060344338417	0.0	0.1358756124973297	0.0	0.0	0.0	0.0	0.0	0.0	0.0	0.15394629538059235
0.03917734697461128	0.15431921184062958	0.01699674129486084	0.0	0.054077230393886566	0.0	0.0	0.0	0.01892775110900402	0.0	0.046987682580947876	0.0	0.12838289141654968	0.18632479012012482	0.2926139533519745	0.06603854894638062	0.0	0.29938557744026184	0.0	0.024374019354581833	0.0	0.137671560049057	0.024430980905890465	0.0	0.14619462192058563	0.05618242174386978	0.31526076793670654	0.070223867893219	0.0	0.03039584681391716	0.04527106508612633	0.03519511967897415	0.1715521663427353	0.0	0.0	0.0	0.1608281284570694	0.0	0.0	0.0	0.0	0.11431947350502014	0.0	0.0	0.0	0.0	0.09127930551767349	0.12470901757478714	0.023062577471137047	0.15856821835041046	0.0	0.0	0.0	0.0	0.0	0.0	0.0	0.0	0.09117747098207474	0.028137166053056717	0.16953295469284058	0.0	0.0	0.11780805885791779	0.019463054835796356	0.0	0.13870368897914886	0.0	0.18303316831588745	0.0	0.0	0.3132731318473816	0.0	0.0	0.0	0.0	0.07595644891262054	0.019985396414995193	0.016126636415719986	0.05763603746891022	0.0	0.049769122153520584	0.13180124759674072	0.1624738574028015	0.0	0.0	0.0	0.0	0.02329188399016857	0.06131680682301521	0.0	0.01491863839328289	0.17929036915302277	0.01205679215490818	0.0	0.02488994039595127	0.20305456221103668	0.0	0.015923961997032166	0.0
0.018231630325317383	0.0	0.056606538593769073	0.018080679699778557	0.18269556760787964	0.22081005573272705	0.0	0.0	0.270087331533432	0.0	0.07424020767211914	0.0038745347410440445	0.0	0.012867007404565811	0.0	0.0	0.0	0.05278953164815903	0.0	0.0	0.0	0.0	0.0	0.13680499792099	0.0	0.27540668845176697	0.0	0.16524800658226013	0.2522788941860199	0.0	0.0	0.18287596106529236	0.29483723640441895	0.31545737385749817	0.0	0.11282028257846832	0.4068254232406616	0.0	0.0	0.0	0.03372078761458397	0.04401354491710663	0.0	0.0	0.0	0.057658903300762177	0.0	0.0	0.0	0.20116275548934937	0.0	0.0	0.0	0.15219196677207947	0.0	0.08197289705276489	0.0	0.0	0.0	0.0	0.0	0.23747208714485168	0.0	0.23672354221343994	0.37274324893951416	0.0	0.0	0.0029195088427513838	0.09063129872083664	0.0	0.012605271302163601	0.28681376576423645	0.43524250388145447	0.1661790907382965	0.03801838681101799	0.0	0.0	0.0	0.0	0.0	0.2190706431865692	0.05974312499165535	0.14082175493240356	0.36806151270866394	0.0	0.19985590875148773	0.0	0.0	0.0	0.237772598862648	0.0	0.0	0.3748946487903595	0.34424445033073425	0.0	0.19809553027153015	0.0	0.0	0.0	0.03480173647403717
0.09757577627897263	0.46796050667762756	0.1234625056385994	0.0	0.10174386948347092	0.1832064986228943	0.0	0.0	0.33872392773628235	0.0	0.0046567609533667564	0.12089866399765015	0.09263364970684052	0.2822670638561249	0.34516972303390503	0.0	0.051468536257743835	0.17278225719928741	0.0	0.0	0.0	0.0	0.04731395095586777	0.2992614805698395	0.008614231832325459	0.0	0.0	0.19217775762081146	0.3321499824523926	0.05897654592990875	0.0	0.0971367135643959	0.0	0.23516881465911865	0.03473687916994095	0.0	0.40720823407173157	0.0	0.0	0.11399774253368378	0.0	0.0	0.0	0.0	0.0	0.0947127565741539	0.13544614613056183	0.0	0.0	0.2448786348104477	0.0	0.0	0.010515529662370682	0.0	0.0	0.11384693533182144	0.0	0.12090633809566498	0.0	0.0	0.0	0.0	0.0	0.12659555673599243	0.12529906630516052	0.15228214859962463	0.0	0.0	0.0	0.0	0.29901355504989624	0.0	0.035926610231399536	0.03740624710917473	0.23010854423046112	0.0787358358502388	0.05843643471598625	0.0	0.0	0.0	0.0	0.07487530261278152	0.058024223893880844	0.0	0.1951979696750641	0.3883213400840759	0.0	0.0	0.0	0.0	0.0	0.21080289781093597	0.0	0.0	0.17289051413536072	0.1684538722038269	0.0	0.0	0.0	0.0
0.0	0.12295766174793243	0.23710021376609802	0.0	0.05705694854259491	0.0	0.0	0.24688024818897247	0.08782067149877548	0.443001389503479	0.09658191353082657	0.0	0.09682422876358032	0.0	0.1455661803483963	0.0	0.0	0.023654017597436905	0.014381025917828083	0.0	0.09695707261562347	0.0	0.0	0.1516720950603485	0.0	0.00042380020022392273	0.03120104968547821	0.18900559842586517	0.3611013889312744	0.1259230524301529	0.0	0.0	0.0	0.06865273416042328	0.30732467770576477	0.05035052075982094	0.10119867324829102	0.0	0.06376279145479202	0.0	0.05733652040362358	0.0	0.0	0.0404813289642334	0.0	0.0	0.0	0.0	0.17047037184238434	0.15807855129241943	0.0	0.0	0.0	0.02671736851334572	0.12015589326620102	0.30139443278312683	0.0	0.0	0.0	0.0	0.04549732059240341	0.0	0.10732219368219376	0.13273948431015015	0.0	0.16469289362430573	0.0	0.0	0.010717828758060932	0.0	0.2781774401664734	0.0	0.030830495059490204	0.06770207732915878	0.07522574067115784	0.3481096923351288	0.0	0.0	0.0	0.0	0.02532937191426754	0.17473939061164856	0.0	0.004840249195694923	0.05275767669081688	0.1705389767885208	0.0	0.0	0.0	0.0	0.0	0.0	0.0	0.0	0.0	0.17990954220294952	0.06793319433927536	0.12497445195913315	0.0	0.0
0.0	0.0	0.03843831270933151	0.0	0.07337287813425064	0.0	0.0	0.0	0.12951089441776276	0.08065887540578842	0.060502585023641586	0.05911964923143387	0.10420706868171692	0.0	0.0	0.0	0.06020035967230797	0.0	0.0	0.0	0.0	0.22601495683193207	0.0	0.0	0.0	0.4719708263874054	0.0	0.06648600101470947	0.0	0.0	0.0	0.01432984508574009	0.15650205314159393	0.0	0.0	0.2616647183895111	0.3590858578681946	0.0	0.0	0.0	0.0	0.0	0.0	0.0	0.11774354428052902	0.23903138935565948	0.43632975220680237	0.0	0.24292397499084473	0.0	0.010725611820816994	0.0	0.0	0.014957509934902191	0.0	0.043522320687770844	0.0	0.30125510692596436	0.0	0.0	0.0	0.18038368225097656	0.06804297119379044	0.0	0.03585889935493469	0.0	0.0	0.20916028320789337	0.1502842754125595	0.0	0.0	0.054306983947753906	0.05775124579668045	0.5442604422569275	0.0	0.0	0.0	0.0	0.0	0.13943523168563843	0.09706846624612808	0.10833024978637695	0.13926395773887634	0.340876966714859	0.0	0.1662793606519699	0.0	0.0	0.3691675066947937	0.2735769748687744	0.0	0.0	0.2602114677429199	0.5113987922668457	0.0738811194896698	0.0	0.0	0.0	0.0	0.27548712491989136
0.13785360753536224	0.05084877833724022	0.0	0.0	0.0	0.22114260494709015	0.0	0.1416579633951187	0.01607382856309414	0.0	0.07970191538333893	0.1283811330795288	0.08713652938604355	0.0	0.08429175615310669	0.0	0.0	0.3666922152042389	0.0	0.018662720918655396	0.0	0.0	0.0	0.0	0.050204355269670486	0.0	0.13874197006225586	0.09558579325675964	0.16042333841323853	0.014061717316508293	0.0	0.14558584988117218	0.20180940628051758	0.0	0.06680946797132492	0.0	0.14377757906913757	0.0	0.0	0.09546783566474915	0.0	0.0	0.0	0.0	0.0	0.005327256396412849	0.0	0.0	0.19905707240104675	0.3113810122013092	0.0902872234582901	0.0086717763915658	0.0	0.0	0.08457911759614944	0.1376306414604187	0.07970834523439407	0.0	0.0	0.0	0.22870928049087524	0.11252713203430176	0.0	0.17224833369255066	0.0	0.19259308278560638	0.08011199533939362	0.06100361794233322	0.0	0.0	0.08506285399198532	0.0	0.08694726973772049	0.08487266302108765	0.0	0.0	0.0	0.0	0.08884267508983612	0.24174822866916656	0.0	0.08405794948339462	0.0918927937746048	0.20455265045166016	0.1579599827528	0.011914577335119247	0.0	0.0	0.0	0.0	0.0	0.0	0.0	0.022217420861124992	0.0	0.05782771110534668	0.0	0.0	0.0	0.0
0.0	0.061358895152807236	0.0	0.0	0.1643524467945099	0.0	0.0	0.10062853246927261	0.030174022540450096	0.0	0.0	0.24174436926841736	0.0	0.2348828762769699	0.25823917984962463	0.0	0.060158126056194305	0.19619052112102509	0.0	0.04255981370806694	0.0	0.10462826490402222	0.0	0.0	0.11383455991744995	0.14796826243400574	0.0	0.15523327887058258	0.15291833877563477	0.0	0.0	0.27893832325935364	0.0	0.08491057902574539	0.0	0.0	0.02293100580573082	0.0	0.14390292763710022	0.015637852251529694	0.0	0.0	0.0	0.0	0.0	0.0	0.0	0.0	0.01732136495411396	0.0	0.0	0.0	0.05572821572422981	0.021665401756763458	0.07135506719350815	0.0	0.0	0.0	0.07746543735265732	0.0	0.0	0.0	0.03968304023146629	0.0	0.4533749222755432	0.20897291600704193	0.022177547216415405	0.0	0.0	0.09729179739952087	0.10159774124622345	0.3165207505226135	0.0618940070271492	0.12684142589569092	0.09355239570140839	0.0	0.0	0.3485322892665863	0.0	0.0	0.006935713812708855	0.0	0.049906063824892044	0.15983642637729645	0.06563685089349747	0.15044954419136047	0.0	0.0	0.0	0.0	0.0	0.0	0.0	0.294617623090744	0.0	0.31683263182640076	0.13805119693279266	0.030407197773456573	0.09422541409730911	0.0
0.1982865035533905	0.27596789598464966	0.2846517860889435	0.29883357882499695	0.0	0.0	0.0	0.0	0.4051021635532379	0.0	0.0598720945417881	0.0	0.12009266763925552	0.09296399354934692	0.20058827102184296	0.0	0.19801409542560577	0.0	0.0	0.0	0.0	0.1767270416021347	0.0	0.2252831757068634	0.060492999851703644	0.0	0.0	0.39370378851890564	0.08021418005228043	0.1329840123653412	0.0	0.06693102419376373	0.01945318467915058	0.17626875638961792	0.0	0.0	0.40878722071647644	0.0	0.0	0.23684735596179962	0.012133270502090454	0.0	0.0	0.025290703400969505	0.0	0.15364357829093933	0.6606969237327576	0.050329506397247314	0.0	0.0	0.0	0.0	0.0	0.0	0.0	0.33746886253356934	0.0	0.0	0.0	0.0	0.0	0.05690499395132065	0.0	0.035268887877464294	0.07204612344503403	0.0	0.24788548052310944	0.0337088517844677	0.0	0.0	0.10418585687875748	0.03792202100157738	0.37937742471694946	0.0	0.041556306183338165	0.003055756911635399	0.09370683133602142	0.0	0.0	0.24069111049175262	0.0	0.23529313504695892	0.1735570877790451	0.006466638296842575	0.2167416214942932	0.28764578700065613	0.0	0.0	0.0	0.04853949695825577	0.038893215358257294	0.09113097190856934	0.0	0.0	0.0	0.14207765460014343	0.07332556694746017	0.14657330513000488	0.0	0.0
